"commit","build","phase","trial","sample","utc","host_cpu_percent","host_available_ram_bytes","host_total_ram_bytes","app_process_count","app_cpu_percent_of_one_core","app_working_set_bytes","wsl_vm_working_set_bytes","wsl_latency_ms","wsl_exit_code","companion_latency_ms","companion_ok"
"b1d742536b2570b4d81159684d281dc0ca2a14cf","head","OFF_BEFORE","1","1","2026-10-07T11:14:31.8499623+00:00","48.366","12809166848","17174360064","0",,"0","885731328","3524.685","0","7.504","True"
"b1d742536b2570b4d81159684d281dc0ca2a14cf","head","OFF_BEFORE","1","2","2026-10-07T11:14:36.9149940+00:00","17.654","12662530048","17174360064","0",,"0","1161703424","84.046","0","0.168","True"
"b1d742536b2570b4d81159684d281dc0ca2a14cf","head","OFF_BEFORE","1","3","2026-10-07T11:14:38.0299047+00:00","7.475","12660518912","17174360064","0",,"0","1162162176","89.421","0","0.269","True"
"b1d742536b2570b4d81159684d281dc0ca2a14cf","head","OFF_BEFORE","1","4","2026-10-07T11:14:39.1488160+00:00","9.13","12654338048","17174360064","0",,"0","1165373440","81.618","0","0.164","True"
"b1d742536b2570b4d81159684d281dc0ca2a14cf","head","OFF_BEFORE","1","5","2026-10-07T11:14:40.2602755+00:00","5.913","12652560384","17174360064","0",,"0","1164521472","89.594","0","0.198","True"
"b1d742536b2570b4d81159684d281dc0ca2a14cf","head","OFF_BEFORE","1","6","2026-10-07T11:14:41.3825707+00:00","4.053","12649758720","17174360064","0",,"0","1167798272","92.504","0","0.213","True"
"b1d742536b2570b4d81159684d281dc0ca2a14cf","head","OFF_BEFORE","1","7","2026-10-07T11:14:42.5065480+00:00","2.902","12647866368","17174360064","0",,"0","1165897728","92.972","0","0.385","True"
"b1d742536b2570b4d81159684d281dc0ca2a14cf","head","OFF_BEFORE","1","8","2026-10-07T11:14:43.6278976+00:00","3.963","12646793216","17174360064","0",,"0","1169108992","78.508","0","0.191","True"
"b1d742536b2570b4d81159684d281dc0ca2a14cf","head","ON","1","1","2026-10-07T11:14:54.7919855+00:00","25.621","12368609280","17174360064","4",,"402845696","1206988800","75.493","0","0.185","True"
"b1d742536b2570b4d81159684d281dc0ca2a14cf","head","ON","1","2","2026-10-07T11:14:55.9065980+00:00","8.451","12372938752","17174360064","4","0","402845696","1186017280","84.663","0","0.14","True"
"b1d742536b2570b4d81159684d281dc0ca2a14cf","head","ON","1","3","2026-10-07T11:14:57.0294166+00:00","38.672","12368990208","17174360064","4","4","403353600","1201811456","78.893","0","0.167","True"
"b1d742536b2570b4d81159684d281dc0ca2a14cf","head","ON","1","4","2026-10-07T11:14:58.1410886+00:00","4.083","12369002496","17174360064","4","0","402505728","1190932480","79.688","0","0.215","True"
"b1d742536b2570b4d81159684d281dc0ca2a14cf","head","ON","1","5","2026-10-07T11:14:59.2518678+00:00","7.902","12360007680","17174360064","4","0","402399232","1194078208","126.384","0","0.17","True"
"b1d742536b2570b4d81159684d281dc0ca2a14cf","head","ON","1","6","2026-10-07T11:15:00.4099641+00:00","86.367","12329238528","17174360064","4","15","403693568","1197551616","96.681","0","0.176","True"
"b1d742536b2570b4d81159684d281dc0ca2a14cf","head","ON","1","7","2026-10-07T11:15:01.5610909+00:00","4.563","12338442240","17174360064","4","0","403693568","1198600192","82.15","0","0.143","True"
"b1d742536b2570b4d81159684d281dc0ca2a14cf","head","ON","1","8","2026-10-07T11:15:02.6748891+00:00","33.725","12300759040","17174360064","4","4","403714048","1209151488","102.963","0","0.279","True"
"b1d742536b2570b4d81159684d281dc0ca2a14cf","head","OFF_AFTER","1","1","2026-10-07T11:15:08.9074210+00:00","2.522","12570677248","17174360064","0",,"0","1211314176","78.674","0","0.157","True"
"b1d742536b2570b4d81159684d281dc0ca2a14cf","head","OFF_AFTER","1","2","2026-10-07T11:15:10.0197110+00:00","5.837","12577636352","17174360064","0",,"0","1180512256","78.33","0","0.122","True"
"b1d742536b2570b4d81159684d281dc0ca2a14cf","head","OFF_AFTER","1","3","2026-10-07T11:15:11.1271386+00:00","7.964","12584714240","17174360064","0",,"0","1183133696","77.32","0","0.219","True"
"b1d742536b2570b4d81159684d281dc0ca2a14cf","head","OFF_AFTER","1","4","2026-10-07T11:15:12.2304443+00:00","5.83","12586672128","17174360064","0",,"0","1173696512","92.22","0","0.156","True"
"b1d742536b2570b4d81159684d281dc0ca2a14cf","head","OFF_AFTER","1","5","2026-10-07T11:15:13.3560679+00:00","2.14","12593819648","17174360064","0",,"0","1176842240","75.94","0","0.139","True"
"b1d742536b2570b4d81159684d281dc0ca2a14cf","head","OFF_AFTER","1","6","2026-10-07T11:15:14.4611844+00:00","2.352","12593577984","17174360064","0",,"0","1175662592","82.472","0","0.128","True"
"b1d742536b2570b4d81159684d281dc0ca2a14cf","head","OFF_AFTER","1","7","2026-10-07T11:15:15.5758505+00:00","2.648","12592238592","17174360064","0",,"0","1178808320","76.959","0","0.14","True"
"b1d742536b2570b4d81159684d281dc0ca2a14cf","head","OFF_AFTER","1","8","2026-10-07T11:15:16.6924613+00:00","2.818","12621123584","17174360064","0",,"0","1177825280","78.184","0","0.172","True"
"b1d742536b2570b4d81159684d281dc0ca2a14cf","head","OFF_BEFORE","2","1","2026-10-07T11:15:17.7990991+00:00","3.148","12620251136","17174360064","0",,"0","1180971008","76.577","0","0.111","True"
"b1d742536b2570b4d81159684d281dc0ca2a14cf","head","OFF_BEFORE","2","2","2026-10-07T11:15:18.8985796+00:00","1.009","12619972608","17174360064","0",,"0","1177169920","77.018","0","0.115","True"
"b1d742536b2570b4d81159684d281dc0ca2a14cf","head","OFF_BEFORE","2","3","2026-10-07T11:15:20.0108267+00:00","0.852","12619542528","17174360064","0",,"0","1180315648","80.425","0","0.116","True"
"b1d742536b2570b4d81159684d281dc0ca2a14cf","head","OFF_BEFORE","2","4","2026-10-07T11:15:21.1152224+00:00","1.926","12619415552","17174360064","0",,"0","1177169920","77.778","0","0.122","True"
"b1d742536b2570b4d81159684d281dc0ca2a14cf","head","OFF_BEFORE","2","5","2026-10-07T11:15:22.2240866+00:00","1.692","12618137600","17174360064","0",,"0","1180315648","78.078","0","0.142","True"
"b1d742536b2570b4d81159684d281dc0ca2a14cf","head","OFF_BEFORE","2","6","2026-10-07T11:15:23.3318656+00:00","1.901","12617908224","17174360064","0",,"0","1177169920","88.697","0","0.145","True"
"b1d742536b2570b4d81159684d281dc0ca2a14cf","head","OFF_BEFORE","2","7","2026-10-07T11:15:24.4533140+00:00","2.133","12615102464","17174360064","0",,"0","1180315648","88.821","0","0.151","True"
"b1d742536b2570b4d81159684d281dc0ca2a14cf","head","OFF_BEFORE","2","8","2026-10-07T11:15:25.5771652+00:00","6.007","12612997120","17174360064","0",,"0","1177169920","80.779","0","0.132","True"
"b1d742536b2570b4d81159684d281dc0ca2a14cf","head","ON","2","1","2026-10-07T11:15:36.6968517+00:00","4.706","12342595584","17174360064","4",,"400011264","1221996544","82.381","0","0.183","True"
"b1d742536b2570b4d81159684d281dc0ca2a14cf","head","ON","2","2","2026-10-07T11:15:37.8053718+00:00","3.567","12330717184","17174360064","4","0","399941632","1223766016","77.228","0","0.166","True"
"b1d742536b2570b4d81159684d281dc0ca2a14cf","head","ON","2","3","2026-10-07T11:15:38.9089397+00:00","33.242","12331122688","17174360064","4","6","401522688","1192570880","80.979","0","0.13","True"
"b1d742536b2570b4d81159684d281dc0ca2a14cf","head","ON","2","4","2026-10-07T11:15:40.0154279+00:00","3.235","12340736000","17174360064","4","0","401096704","1195716608","76.069","0","0.126","True"
"b1d742536b2570b4d81159684d281dc0ca2a14cf","head","ON","2","5","2026-10-07T11:15:41.1182051+00:00","0.931","12349792256","17174360064","4","0","400744448","1187328000","88.51","0","0.123","True"
"b1d742536b2570b4d81159684d281dc0ca2a14cf","head","ON","2","6","2026-10-07T11:15:42.2318850+00:00","64.082","12334288896","17174360064","4","10","401879040","1208758272","78.44","0","0.125","True"
"b1d742536b2570b4d81159684d281dc0ca2a14cf","head","ON","2","7","2026-10-07T11:15:43.3366378+00:00","0.462","12335927296","17174360064","4","0","401510400","1196240896","79.163","0","0.134","True"
"b1d742536b2570b4d81159684d281dc0ca2a14cf","head","ON","2","8","2026-10-07T11:15:44.4410621+00:00","20.704","12318466048","17174360064","4","6","401031168","1205678080","180.839","0","0.551","True"
"b1d742536b2570b4d81159684d281dc0ca2a14cf","head","OFF_AFTER","2","1","2026-10-07T11:15:50.7490231+00:00","34.866","12583817216","17174360064","0",,"0","1178677248","87.436","0","0.139","True"
"b1d742536b2570b4d81159684d281dc0ca2a14cf","head","OFF_AFTER","2","2","2026-10-07T11:15:51.8796031+00:00","18.664","12580974592","17174360064","0",,"0","1180839936","78.207","0","0.111","True"
"b1d742536b2570b4d81159684d281dc0ca2a14cf","head","OFF_AFTER","2","3","2026-10-07T11:15:52.9859124+00:00","11.87","12577656832","17174360064","0",,"0","1178611712","93.626","0","0.111","True"
"b1d742536b2570b4d81159684d281dc0ca2a14cf","head","OFF_AFTER","2","4","2026-10-07T11:15:54.1067898+00:00","9.008","12544811008","17174360064","0",,"0","1180184576","77.975","0","0.141","True"
"b1d742536b2570b4d81159684d281dc0ca2a14cf","head","OFF_AFTER","2","5","2026-10-07T11:15:55.2098430+00:00","1.984","12522491904","17174360064","0",,"0","1171271680","84.081","0","0.119","True"
"b1d742536b2570b4d81159684d281dc0ca2a14cf","head","OFF_AFTER","2","6","2026-10-07T11:15:56.3202543+00:00","8.376","12538720256","17174360064","0",,"0","1174482944","85.299","0","0.161","True"
"b1d742536b2570b4d81159684d281dc0ca2a14cf","head","OFF_AFTER","2","7","2026-10-07T11:15:57.4340130+00:00","14.159","12554264576","17174360064","0",,"0","1173434368","77.398","0","0.13","True"
"b1d742536b2570b4d81159684d281dc0ca2a14cf","head","OFF_AFTER","2","8","2026-10-07T11:15:58.5382711+00:00","9.788","12538343424","17174360064","0",,"0","1176580096","76.566","0","0.113","True"
"b1d742536b2570b4d81159684d281dc0ca2a14cf","head","OFF_BEFORE","3","1","2026-10-07T11:15:59.6398838+00:00","8.699","12541394944","17174360064","0",,"0","1174482944","79.92","0","0.109","True"
"b1d742536b2570b4d81159684d281dc0ca2a14cf","head","OFF_BEFORE","3","2","2026-10-07T11:16:00.7456559+00:00","8.563","12560097280","17174360064","0",,"0","1177628672","76.91","0","0.117","True"
"b1d742536b2570b4d81159684d281dc0ca2a14cf","head","OFF_BEFORE","3","3","2026-10-07T11:16:01.8542838+00:00","7.204","12548521984","17174360064","0",,"0","1174482944","85.242","0","0.115","True"
"b1d742536b2570b4d81159684d281dc0ca2a14cf","head","OFF_BEFORE","3","4","2026-10-07T11:16:02.9657284+00:00","3.205","12532051968","17174360064","0",,"0","1177628672","79.342","0","0.116","True"
"b1d742536b2570b4d81159684d281dc0ca2a14cf","head","OFF_BEFORE","3","5","2026-10-07T11:16:04.0712777+00:00","3.929","12533882880","17174360064","0",,"0","1174482944","77.832","0","0.126","True"
"b1d742536b2570b4d81159684d281dc0ca2a14cf","head","OFF_BEFORE","3","6","2026-10-07T11:16:05.1730301+00:00","5.992","12561637376","17174360064","0",,"0","1177628672","79.338","0","0.116","True"
"b1d742536b2570b4d81159684d281dc0ca2a14cf","head","OFF_BEFORE","3","7","2026-10-07T11:16:06.2859744+00:00","7.861","12558344192","17174360064","0",,"0","1174482944","80.649","0","0.119","True"
"b1d742536b2570b4d81159684d281dc0ca2a14cf","head","OFF_BEFORE","3","8","2026-10-07T11:16:07.3950728+00:00","1.636","12572999680","17174360064","0",,"0","1186476032","85.007","0","0.113","True"
"b1d742536b2570b4d81159684d281dc0ca2a14cf","head","ON","3","1","2026-10-07T11:16:18.5201917+00:00","7.786","12276883456","17174360064","4",,"404205568","1205809152","76.877","0","0.101","True"
"b1d742536b2570b4d81159684d281dc0ca2a14cf","head","ON","3","2","2026-10-07T11:16:19.6347015+00:00","1.967","12293349376","17174360064","4","0","404193280","1205809152","79.326","0","0.114","True"
"b1d742536b2570b4d81159684d281dc0ca2a14cf","head","ON","3","3","2026-10-07T11:16:20.7373528+00:00","33.389","12295204864","17174360064","4","7","404746240","1204826112","77.884","0","0.124","True"
"b1d742536b2570b4d81159684d281dc0ca2a14cf","head","ON","3","4","2026-10-07T11:16:21.8466691+00:00","2.801","12300759040","17174360064","4","0","404312064","1204826112","79.879","0","0.143","True"
"b1d742536b2570b4d81159684d281dc0ca2a14cf","head","ON","3","5","2026-10-07T11:16:22.9598608+00:00","3.359","12301017088","17174360064","4","0","404070400","1193881600","129.285","0","0.13","True"
"b1d742536b2570b4d81159684d281dc0ca2a14cf","head","ON","3","6","2026-10-07T11:16:24.1266552+00:00","63.371","12283789312","17174360064","4","9","405553152","1214459904","106.532","0","0.138","True"
"b1d742536b2570b4d81159684d281dc0ca2a14cf","head","ON","3","7","2026-10-07T11:16:25.2618831+00:00","3.522","12287311872","17174360064","4","0","405037056","1200697344","77.353","0","0.112","True"
"b1d742536b2570b4d81159684d281dc0ca2a14cf","head","ON","3","8","2026-10-07T11:16:26.3622415+00:00","27.992","12251439104","17174360064","4","3","404504576","1213345792","97.53","0","0.13","True"
"b1d742536b2570b4d81159684d281dc0ca2a14cf","head","OFF_AFTER","3","1","2026-10-07T11:16:32.5953687+00:00","5.954","12556357632","17174360064","0",,"0","1185820672","83.691","0","0.136","True"
"b1d742536b2570b4d81159684d281dc0ca2a14cf","head","OFF_AFTER","3","2","2026-10-07T11:16:33.7046994+00:00","17.97","12522844160","17174360064","0",,"0","1187917824","81.434","0","0.124","True"
"b1d742536b2570b4d81159684d281dc0ca2a14cf","head","OFF_AFTER","3","3","2026-10-07T11:16:34.8113638+00:00","7.978","12516745216","17174360064","0",,"0","1179529216","87.002","0","0.134","True"
"b1d742536b2570b4d81159684d281dc0ca2a14cf","head","OFF_AFTER","3","4","2026-10-07T11:16:35.9232397+00:00","1.981","12518739968","17174360064","0",,"0","1179529216","81.058","0","0.116","True"
"b1d742536b2570b4d81159684d281dc0ca2a14cf","head","OFF_AFTER","3","5","2026-10-07T11:16:37.0332374+00:00","1.805","12527210496","17174360064","0",,"0","1173762048","77.145","0","0.111","True"
"b1d742536b2570b4d81159684d281dc0ca2a14cf","head","OFF_AFTER","3","6","2026-10-07T11:16:38.1355067+00:00","7.612","12526157824","17174360064","0",,"0","1181757440","78.567","0","0.126","True"
"b1d742536b2570b4d81159684d281dc0ca2a14cf","head","OFF_AFTER","3","7","2026-10-07T11:16:39.2448116+00:00","3.1","12523245568","17174360064","0",,"0","1175465984","79.736","0","0.109","True"
"b1d742536b2570b4d81159684d281dc0ca2a14cf","head","OFF_AFTER","3","8","2026-10-07T11:16:40.3514098+00:00","6.841","12516040704","17174360064","0",,"0","1178677248","75.004","0","0.114","True"
